Feature,Coefficient
Rushing_Yards,2.9134991349812394
Passing_Yards,1.2092571383796271
Turnovers,0.11288332013282892
Sacks,-0.48958559731631485
